{
  "version": 1,
  "author": "Uri Shaked",
  "editor": "wokwi",
  "parts": [
    {
      "id": "tiny",
      "type": "wokwi-attiny85",
      "top": 200,
      "left": 87
    },
    {
      "id": "neopixels",
      "type": "wokwi-neopixel-canvas",
      "top": 0,
      "left": 10,
      "attrs": {
        "rows": "8",
        "cols": "8",
        "matrixBrightness": "10"
      }
    }
  ],
  "connections": [
    ["tiny:GND", "neopixels:VSS", "black", ["v0", "h7", "*", "v8"]],
    ["tiny:PB1", "neopixels:DIN", "green", ["v0", "*", "v4"]],
    ["tiny:VCC", "neopixels:VDD", "red", ["v0", "*", "v4"]]
  ]
}
