{
  "version": 1,
  "author": "Uri Shaked",
  "editor": "wokwi",
  "parts": [
    { "type": "wokwi-attiny85", "id": "tiny", "top": 120, "left": 20, "attrs": {} },
    {
      "type": "wokwi-resistor",
      "id": "r1",
      "top": 67,
      "left": 20.5,
      "rotate": 90,
      "attrs": { "value": "220" }
    },
    { "type": "wokwi-led", "id": "led", "top": 0, "left": 20, "attrs": { "color": "red" } },
    {
      "type": "wokwi-led",
      "id": "led1",
      "top": -8.67,
      "left": -74.6,
      "attrs": { "color": "limegreen" }
    },
    {
      "type": "wokwi-resistor",
      "id": "r2",
      "top": 97.27,
      "left": -63.8,
      "attrs": { "value": "220" }
    }
  ],
  "connections": [
    [ "tiny:GND", "led:C", "black", [ "v8", "h-36", "*", "v5" ] ],
    [ "r1:1", "led:A", "blue", [] ],
    [ "tiny:PB0", "r1:2", "blue", [] ],
    [ "led1:C", "led:C", "green", [ "v30.07", "h55.53", "v-25.33" ] ],
    [ "led1:A", "r2:1", "violet", [ "v40.07", "h-19.8" ] ],
    [ "r2:2", "tiny:PB3", "violet", [ "v69.15", "h36.93" ] ]
  ],
  "dependencies": {}
}