{
  "version": 1,
  "author": "Arvind Patil",
  "editor": "wokwi",
  "parts": [
    { "type": "wokwi-breadboard-mini", "id": "bb1", "top": 75.4, "left": -184.8, "attrs": {} },
    { "type": "wokwi-attiny85", "id": "tiny", "top": 123.6, "left": -109.6, "attrs": {} },
    {
      "type": "wokwi-led-ring",
      "id": "ring1",
      "top": -177.28,
      "left": -174.17,
      "attrs": { "pixels": "36" }
    },
    {
      "type": "wokwi-led-ring",
      "id": "ring2",
      "top": -143.49,
      "left": -138.07,
      "attrs": { "pixels": "24" }
    }
  ],
  "connections": [
    [ "ring1:GND", "bb1:11b.g", "black", [ "v0" ] ],
    [ "ring1:VCC", "bb1:8t.c", "red", [ "v139.78", "h-85", "v-15.05" ] ],
    [ "ring1:DIN", "bb1:11t.c", "green", [ "v0" ] ],
    [ "tiny:PB5", "bb1:8b.f", "", [ "$bb" ] ],
    [ "tiny:PB3", "bb1:9b.f", "", [ "$bb" ] ],
    [ "tiny:PB4", "bb1:10b.f", "", [ "$bb" ] ],
    [ "tiny:GND", "bb1:11b.f", "", [ "$bb" ] ],
    [ "tiny:PB0", "bb1:11t.e", "", [ "$bb" ] ],
    [ "tiny:PB1", "bb1:10t.e", "", [ "$bb" ] ],
    [ "tiny:PB2", "bb1:9t.e", "", [ "$bb" ] ],
    [ "tiny:VCC", "bb1:8t.e", "", [ "$bb" ] ],
    [ "ring1:GND", "bb1:13t.b", "", [ "$bb" ] ],
    [ "ring1:VCC", "bb1:14t.b", "", [ "$bb" ] ],
    [ "ring1:DIN", "bb1:15t.b", "", [ "$bb" ] ],
    [ "ring1:DOUT", "bb1:16t.b", "", [ "$bb" ] ],
    [ "ring2:GND", "bb1:11b.i", "black", [ "v0" ] ],
    [ "ring2:VCC", "bb1:8t.b", "red", [ "v0" ] ],
    [ "ring2:DIN", "bb1:11t.a", "green", [ "v0" ] ]
  ],
  "dependencies": {}
}