{
  "version": 1,
  "author": "Arvind Patil",
  "editor": "wokwi",
  "parts": [
    { "type": "wokwi-breadboard-mini", "id": "bb1", "top": 65.8, "left": 93.6, "attrs": {} },
    { "type": "wokwi-attiny85", "id": "tiny", "top": 114, "left": 168.8, "attrs": {} },
    {
      "type": "wokwi-led-ring",
      "id": "ring1",
      "top": -53.53,
      "left": 69.04,
      "attrs": { "pixels": "12" }
    },
    {
      "type": "wokwi-led-ring",
      "id": "ring2",
      "top": -61.69,
      "left": 186.03,
      "attrs": { "pixels": "12" }
    }
  ],
  "connections": [
    [ "tiny:PB5", "bb1:8b.f", "", [ "$bb" ] ],
    [ "tiny:PB3", "bb1:9b.f", "", [ "$bb" ] ],
    [ "tiny:PB4", "bb1:10b.f", "", [ "$bb" ] ],
    [ "tiny:GND", "bb1:11b.f", "", [ "$bb" ] ],
    [ "tiny:PB0", "bb1:11t.e", "", [ "$bb" ] ],
    [ "tiny:PB1", "bb1:10t.e", "", [ "$bb" ] ],
    [ "tiny:PB2", "bb1:9t.e", "", [ "$bb" ] ],
    [ "tiny:VCC", "bb1:8t.e", "", [ "$bb" ] ],
    [ "ring1:GND", "bb1:2t.a", "", [ "$bb" ] ],
    [ "ring1:VCC", "bb1:3t.a", "", [ "$bb" ] ],
    [ "ring1:DIN", "bb1:4t.a", "", [ "$bb" ] ],
    [ "ring1:DOUT", "bb1:5t.a", "", [ "$bb" ] ],
    [ "ring1:GND", "bb1:11b.j", "black", [ "v0" ] ],
    [ "ring2:GND", "bb1:11b.h", "black", [ "v92.21", "h-2.72" ] ],
    [ "ring1:VCC", "bb1:8t.c", "red", [ "v0" ] ],
    [ "ring2:VCC", "bb1:8t.b", "red", [ "v0" ] ],
    [ "ring1:DIN", "tiny:PB0", "green", [ "v24.67", "h69.5" ] ],
    [ "ring2:DIN", "tiny:PB1", "green", [ "v65.66", "h-2.57" ] ]
  ],
  "dependencies": {}
}